Workbook

Sheet FiberAxisProfiles_merged_eval_s
A1: method | B1: property | C1: epochs | D1: omega_0 | E1: n_eval | F1: mae_mean | G1: mae_std | H1: rmse_mean | I1: rmse_std | J1: property_std | K1: nmae = MAE/property_std
A2: knn10 | B2: AD | E2: 170 | F2: 0.000206705 | G2: 7.67679e-05 | H2: 0.000338842 | I2: 0.000142292 | J2: 0.000360099 | K2: 0.574022
A3: knn10 | B3: FA | E3: 170 | F3: 0.0886998 | G3: 0.0195235 | H3: 0.120522 | I3: 0.0270138 | J3: 0.130975 | K3: 0.677226
A4: knn10 | B4: FWF | E4: 170 | F4: 0.0784002 | G4: 0.0379585 | H4: 0.146831 | I4: 0.059705 | J4: 0.151559 | K4: 0.517293
A5: knn10 | B5: MD | E5: 170 | F5: 0.000142445 | G5: 7.49352e-05 | H5: 0.000276229 | I5: 0.000142289 | J5: 0.000294019 | K5: 0.484476
A6: knn10 | B6: NDI | E6: 170 | F6: 0.0473505 | G6: 0.0139062 | H6: 0.0689564 | I6: 0.0207746 | J6: 0.113809 | K6: 0.416053
A7: knn10 | B7: ODI | E7: 170 | F7: 0.0658958 | G7: 0.0215333 | H7: 0.0965452 | I7: 0.0391377 | J7: 0.0987012 | K7: 0.667629
A8: knn10 | B8: RD | E8: 170 | F8: 0.000159033 | G8: 7.27913e-05 | H8: 0.000279104 | I8: 0.000135073 | J8: 0.000291316 | K8: 0.545913 | M8: =AVERAGE(K2:K8) -> 0.55465886
A9: knn5 | B9: AD | E9: 170 | F9: 0.000213693 | G9: 7.83883e-05 | H9: 0.000355151 | I9: 0.000143231 | J9: 0.000360099 | K9: 0.593427
A10: knn5 | B10: FA | E10: 170 | F10: 0.0936086 | G10: 0.0200488 | H10: 0.127585 | I10: 0.0277817 | J10: 0.130975 | K10: 0.714705
A11: knn5 | B11: FWF | E11: 170 | F11: 0.080452 | G11: 0.0393337 | H11: 0.154768 | I11: 0.0616571 | J11: 0.151559 | K11: 0.530831
A12: knn5 | B12: MD | E12: 170 | F12: 0.000145046 | G12: 7.78962e-05 | H12: 0.000289797 | I12: 0.000145989 | J12: 0.000294019 | K12: 0.493321
A13: knn5 | B13: NDI | E13: 170 | F13: 0.0494632 | G13: 0.0144169 | H13: 0.0722719 | I13: 0.0216119 | J13: 0.113809 | K13: 0.434616
A14: knn5 | B14: ODI | E14: 170 | F14: 0.0688454 | G14: 0.0226176 | H14: 0.101606 | I14: 0.0404469 | J14: 0.0987012 | K14: 0.697514
A15: knn5 | B15: RD | E15: 170 | F15: 0.000163858 | G15: 7.61718e-05 | H15: 0.000293085 | I15: 0.000140187 | J15: 0.000291316 | K15: 0.562476 | M15: =AVERAGE(K9:K15) -> 0.57527
A16: linear | B16: AD | E16: 170 | F16: 0.000247226 | G16: 8.49276e-05 | H16: 0.000359534 | I16: 0.000160368 | J16: 0.000360099 | K16: 0.686549
A17: linear | B17: FA | E17: 170 | F17: 0.102242 | G17: 0.0182838 | H17: 0.130002 | I17: 0.0222638 | J17: 0.130975 | K17: 0.78062
A18: linear | B18: FWF | E18: 170 | F18: 0.10307 | G18: 0.0399368 | H18: 0.148104 | I18: 0.0739582 | J18: 0.151559 | K18: 0.68007
A19: linear | B19: MD | E19: 170 | F19: 0.000180086 | G19: 8.09678e-05 | H19: 0.000280233 | I19: 0.000159053 | J19: 0.000294019 | K19: 0.612497
A20: linear | B20: NDI | E20: 170 | F20: 0.075228 | G20: 0.0135058 | H20: 0.0930105 | I20: 0.0159175 | J20: 0.113809 | K20: 0.661004
A21: linear | B21: ODI | E21: 170 | F21: 0.0696487 | G21: 0.0197768 | H21: 0.0963555 | I21: 0.0379528 | J21: 0.0987012 | K21: 0.705652
A22: linear | B22: RD | E22: 170 | F22: 0.000181853 | G22: 7.79878e-05 | H22: 0.000279816 | I22: 0.000144775 | J22: 0.000291316 | K22: 0.624247 | M22: =AVERAGE(K16:K22) -> 0.67866271
A23: mean | B23: AD | E23: 170 | F23: 0.000242585 | G23: 8.46511e-05 | H23: 0.000361044 | I23: 0.000159555 | J23: 0.000360099 | K23: 0.673661
A24: mean | B24: FA | E24: 170 | F24: 0.103379 | G24: 0.0181969 | H24: 0.130081 | I24: 0.0221496 | J24: 0.130975 | K24: 0.789303
A25: mean | B25: FWF | E25: 170 | F25: 0.105024 | G25: 0.0396157 | H25: 0.14868 | I25: 0.0724126 | J25: 0.151559 | K25: 0.692957
A26: mean | B26: MD | E26: 170 | F26: 0.000176487 | G26: 8.04762e-05 | H26: 0.000281119 | I26: 0.000157752 | J26: 0.000294019 | K26: 0.600256
A27: mean | B27: NDI | E27: 170 | F27: 0.0854094 | G27: 0.0152267 | H27: 0.103602 | I27: 0.0190258 | J27: 0.113809 | K27: 0.750464
A28: mean | B28: ODI | E28: 170 | F28: 0.0721861 | G28: 0.0196622 | H28: 0.0984348 | I28: 0.0364882 | J28: 0.0987012 | K28: 0.73136
A29: mean | B29: RD | E29: 170 | F29: 0.000182711 | G29: 7.70175e-05 | H29: 0.000280248 | I29: 0.000143187 | J29: 0.000291316 | K29: 0.627191 | M29: =AVERAGE(K23:K29) -> 0.69502743
A30: median | B30: AD | E30: 170 | F30: 0.000234564 | G30: 9.30851e-05 | H30: 0.000361788 | I30: 0.000172308 | J30: 0.000360099 | K30: 0.651386
A31: median | B31: FA | E31: 170 | F31: 0.102771 | G31: 0.0193471 | H31: 0.130539 | I31: 0.0239488 | J31: 0.130975 | K31: 0.784662
A32: median | B32: FWF | E32: 170 | F32: 0.0818561 | G32: 0.0540075 | H32: 0.153578 | I32: 0.0900764 | J32: 0.151559 | K32: 0.540096
A33: median | B33: MD | E33: 170 | F33: 0.000163815 | G33: 8.89611e-05 | H33: 0.000277799 | I33: 0.000171716 | J33: 0.000294019 | K33: 0.557157
A34: median | B34: NDI | E34: 170 | F34: 0.0832368 | G34: 0.0200861 | H34: 0.106132 | I34: 0.0252994 | J34: 0.113809 | K34: 0.731374
A35: median | B35: ODI | E35: 170 | F35: 0.0696446 | G35: 0.0213995 | H35: 0.0993405 | I35: 0.0399254 | J35: 0.0987012 | K35: 0.705611
A36: median | B36: RD | E36: 170 | F36: 0.000175509 | G36: 8.21042e-05 | H36: 0.000277812 | I36: 0.000153617 | J36: 0.000291316 | K36: 0.602471 | M36: =AVERAGE(K30:K36) -> 0.653251
A37: rbf | B37: AD | E37: 170 | F37: 0.000222162 | G37: 8.3123e-05 | H37: 0.000375266 | I37: 0.000177333 | J37: 0.000360099 | K37: 0.616946
A38: rbf | B38: FA | E38: 170 | F38: 0.095262 | G38: 0.0219072 | H38: 0.130575 | I38: 0.0304823 | J38: 0.130975 | K38: 0.727328
A39: rbf | B39: FWF | E39: 170 | F39: 0.0914636 | G39: 0.038969 | H39: 0.166193 | I39: 0.0721302 | J39: 0.151559 | K39: 0.603487
A40: rbf | B40: MD | E40: 170 | F40: 0.00016838 | G40: 7.33395e-05 | H40: 0.00031346 | I40: 0.000147499 | J40: 0.000294019 | K40: 0.572685
A41: rbf | B41: NDI | E41: 170 | F41: 0.0520929 | G41: 0.0147128 | H41: 0.0764895 | I41: 0.0234475 | J41: 0.113809 | K41: 0.457723
A42: rbf | B42: ODI | E42: 170 | F42: 0.0743638 | G42: 0.0242251 | H42: 0.112862 | I42: 0.0461662 | J42: 0.0987012 | K42: 0.753424
A43: rbf | B43: RD | E43: 170 | F43: 0.00018372 | G43: 7.09941e-05 | H43: 0.000314967 | I43: 0.000132489 | J43: 0.000291316 | K43: 0.630656 | M43: =AVERAGE(K37:K43) -> 0.62317843
A44: siren | B44: AD | C44: 500 | D44: 30 | E44: 170 | F44: 0.000202387 | G44: 7.47686e-05 | H44: 0.000326136 | I44: 0.000148427 | J44: 0.000360099 | K44: 0.562032
A45: siren | B45: FA | C45: 500 | D45: 30 | E45: 170 | F45: 0.0862711 | G45: 0.018403 | H45: 0.116335 | I45: 0.0251734 | J45: 0.130975 | K45: 0.658682
A46: siren | B46: FWF | C46: 500 | D46: 30 | E46: 170 | F46: 0.0809425 | G46: 0.0365206 | H46: 0.138498 | I46: 0.0613396 | J46: 0.151559 | K46: 0.534067
A47: siren | B47: MD | C47: 500 | D47: 30 | E47: 170 | F47: 0.000145926 | G47: 7.02565e-05 | H47: 0.000263915 | I47: 0.000140931 | J47: 0.000294019 | K47: 0.496315
A48: siren | B48: NDI | C48: 500 | D48: 30 | E48: 170 | F48: 0.0514138 | G48: 0.0139729 | H48: 0.0730185 | I48: 0.0200789 | J48: 0.113809 | K48: 0.451756
A49: siren | B49: ODI | C49: 500 | D49: 30 | E49: 170 | F49: 0.0663871 | G49: 0.0205634 | H49: 0.0967118 | I49: 0.0372104 | J49: 0.0987012 | K49: 0.672607
A50: siren | B50: RD | C50: 500 | D50: 30 | E50: 170 | F50: 0.000157894 | G50: 6.77166e-05 | H50: 0.00026621 | I50: 0.000129729 | J50: 0.000291316 | K50: 0.542002 | M50: =AVERAGE(K44:K50) -> 0.55963729
A51: siren | B51: AD | C51: 750 | D51: 50 | E51: 170 | F51: 0.000220652 | G51: 7.8273e-05 | H51: 0.000348102 | I51: 0.000151952 | J51: 0.000360099 | K51: 0.612754
A52: siren | B52: FA | C52: 750 | D52: 50 | E52: 170 | F52: 0.0922488 | G52: 0.0186265 | H52: 0.123077 | I52: 0.0250742 | J52: 0.130975 | K52: 0.704323
A53: siren | B53: FWF | C53: 750 | D53: 50 | E53: 170 | F53: 0.0838542 | G53: 0.0383339 | H53: 0.143014 | I53: 0.0661882 | J53: 0.151559 | K53: 0.553279
A54: siren | B54: MD | C54: 750 | D54: 50 | E54: 170 | F54: 0.000152084 | G54: 7.23455e-05 | H54: 0.000267971 | I54: 0.000146744 | J54: 0.000294019 | K54: 0.517257
A55: siren | B55: NDI | C55: 750 | D55: 50 | E55: 170 | F55: 0.0583098 | G55: 0.0151915 | H55: 0.0818133 | I55: 0.0211546 | J55: 0.113809 | K55: 0.512349
A56: siren | B56: ODI | C56: 750 | D56: 50 | E56: 170 | F56: 0.0700493 | G56: 0.0215701 | H56: 0.100477 | I56: 0.0379418 | J56: 0.0987012 | K56: 0.70971
A57: siren | B57: RD | C57: 750 | D57: 50 | E57: 170 | F57: 0.000161371 | G57: 6.85161e-05 | H57: 0.000267133 | I57: 0.000133489 | J57: 0.000291316 | K57: 0.553939 | M57: =AVERAGE(K51:K57) -> 0.59480157
A58: siren | B58: AD | C58: 750 | D58: 20 | E58: 170 | F58: 0.000199285 | G58: 7.50993e-05 | H58: 0.000318778 | I58: 0.000148309 | J58: 0.000360099 | K58: 0.553418
A59: siren | B59: FA | C59: 750 | D59: 20 | E59: 170 | F59: 0.0841978 | G59: 0.0189721 | H59: 0.113592 | I59: 0.0266307 | J59: 0.130975 | K59: 0.642853
A60: siren | B60: FWF | C60: 750 | D60: 20 | E60: 170 | F60: 0.0802941 | G60: 0.0369392 | H60: 0.13554 | I60: 0.060645 | J60: 0.151559 | K60: 0.529789
A61: siren | B61: MD | C61: 750 | D61: 20 | E61: 170 | F61: 0.000146782 | G61: 7.06056e-05 | H61: 0.000260929 | I61: 0.000139795 | J61: 0.000294019 | K61: 0.499226
A62: siren | B62: NDI | C62: 750 | D62: 20 | E62: 170 | F62: 0.0487151 | G62: 0.0133876 | H62: 0.069215 | I62: 0.0194639 | J62: 0.113809 | K62: 0.428043
A63: siren | B63: ODI | C63: 750 | D63: 20 | E63: 170 | F63: 0.0647537 | G63: 0.0212806 | H63: 0.0937528 | I63: 0.0377274 | J63: 0.0987012 | K63: 0.656058
A64: siren | B64: RD | C64: 750 | D64: 20 | E64: 170 | F64: 0.000157341 | G64: 6.86638e-05 | H64: 0.000263616 | I64: 0.000129866 | J64: 0.000291316 | K64: 0.540105 | M64: =AVERAGE(K58:K64) -> 0.54992743
A65: siren | B65: AD | C65: 750 | D65: 15 | E65: 170 | F65: 0.000194369 | G65: 7.48285e-05 | H65: 0.000313215 | I65: 0.000149285 | J65: 0.000360099 | K65: 0.539765
A66: siren | B66: FA | C66: 750 | D66: 15 | E66: 170 | F66: 0.0818252 | G66: 0.0194148 | H66: 0.110305 | I66: 0.0276712 | J66: 0.130975 | K66: 0.624738
A67: siren | B67: FWF | C67: 750 | D67: 15 | E67: 170 | F67: 0.0793589 | G67: 0.0372374 | H67: 0.134175 | I67: 0.0622294 | J67: 0.151559 | K67: 0.523618
A68: siren | B68: MD | C68: 750 | D68: 15 | E68: 170 | F68: 0.000145545 | G68: 7.09199e-05 | H68: 0.000257637 | I68: 0.000141503 | J68: 0.000294019 | K68: 0.49502
A69: siren | B69: NDI | C69: 750 | D69: 15 | E69: 170 | F69: 0.0477333 | G69: 0.0132 | H69: 0.067768 | I69: 0.0194791 | J69: 0.113809 | K69: 0.419417
A70: siren | B70: ODI | C70: 750 | D70: 15 | E70: 170 | F70: 0.0637127 | G70: 0.0209812 | H70: 0.0922171 | I70: 0.0376955 | J70: 0.0987012 | K70: 0.645511
A71: siren | B71: RD | C71: 750 | D71: 15 | E71: 170 | F71: 0.000155884 | G71: 6.90338e-05 | H71: 0.000260295 | I71: 0.000132253 | J71: 0.000291316 | K71: 0.535104 | M71: =AVERAGE(K65:K71) -> 0.54045329
A72: siren | B72: AD | C72: 750 | D72: 10 | E72: 170 | F72: 0.000190333 | G72: 7.44557e-05 | H72: 0.000307384 | I72: 0.000151522 | J72: 0.000360099 | K72: 0.528556
A73: siren | B73: FA | C73: 750 | D73: 10 | E73: 170 | F73: 0.0795004 | G73: 0.0189133 | H73: 0.106814 | I73: 0.0264976 | J73: 0.130975 | K73: 0.606988
A74: siren | B74: FWF | C74: 750 | D74: 10 | E74: 170 | F74: 0.0776998 | G74: 0.0360092 | H74: 0.131107 | I74: 0.0607224 | J74: 0.151559 | K74: 0.512672
A75: siren | B75: MD | C75: 750 | D75: 10 | E75: 170 | F75: 0.000142257 | G75: 6.8914e-05 | H75: 0.000251724 | I75: 0.00014108 | J75: 0.000294019 | K75: 0.483835
A76: siren | B76: NDI | C76: 750 | D76: 10 | E76: 170 | F76: 0.0466695 | G76: 0.013159 | H76: 0.0664815 | I76: 0.0195011 | J76: 0.113809 | K76: 0.410069
A77: siren | B77: ODI | C77: 750 | D77: 10 | E77: 170 | F77: 0.0625765 | G77: 0.0206375 | H77: 0.0902954 | I77: 0.0370023 | J77: 0.0987012 | K77: 0.633999
A78: siren | B78: RD | C78: 750 | D78: 10 | E78: 170 | F78: 0.000150454 | G78: 6.7086e-05 | H78: 0.000253163 | I78: 0.000130643 | J78: 0.000291316 | K78: 0.516464 | M78: =AVERAGE(K72:K78) -> 0.52751186
A79: siren | B79: AD | C79: 750 | D79: 5 | E79: 170 | F79: 0.000192702 | G79: 7.68257e-05 | H79: 0.000312316 | I79: 0.000150406 | J79: 0.000360099 | K79: 0.535135 | L79: =(K79-K72)/K72 -> 0.01244712
A80: siren | B80: FA | C80: 750 | D80: 5 | E80: 170 | F80: 0.0805739 | G80: 0.0191148 | H80: 0.109308 | I80: 0.0269629 | J80: 0.130975 | K80: 0.615184 | L80: =(K80-K73)/K73 -> 0.013502738
A81: siren | B81: FWF | C81: 750 | D81: 5 | E81: 170 | F81: 0.0779677 | G81: 0.0360346 | H81: 0.13437 | I81: 0.0607172 | J81: 0.151559 | K81: 0.514439 | L81: =(K81-K74)/K74 -> 0.0034466481
A82: siren | B82: MD | C82: 750 | D82: 5 | E82: 170 | F82: 0.000140809 | G82: 6.96752e-05 | H82: 0.000255448 | I82: 0.000140255 | J82: 0.000294019 | K82: 0.478912 | L82: =(K82-K75)/K75 -> -0.010174956
A83: siren | B83: NDI | C83: 750 | D83: 5 | E83: 170 | F83: 0.0467088 | G83: 0.0134479 | H83: 0.0669711 | I83: 0.0201222 | J83: 0.113809 | K83: 0.410414 | L83: =(K83-K76)/K76 -> 0.00084132183
A84: siren | B84: ODI | C84: 750 | D84: 5 | E84: 170 | F84: 0.0617563 | G84: 0.0204957 | H84: 0.0905762 | I84: 0.0373791 | J84: 0.0987012 | K84: 0.62569 | L84: =(K84-K77)/K77 -> -0.013105699
A85: siren | B85: RD | C85: 750 | D85: 5 | E85: 170 | F85: 0.00015051 | G85: 6.77918e-05 | H85: 0.000257348 | I85: 0.000130235 | J85: 0.000291316 | K85: 0.516655 | L85: =(K85-K78)/K78 -> 0.00036982249 | M85: =AVERAGE(K79:K85) -> 0.52806129
A86: siren | B86: AD | C86: 1500 | D86: 10 | E86: 170 | F86: 0.00019304 | G86: 7.42e-05 | H86: 0.00031067 | I86: 0.00015061 | J86: 0.0003601 | K86: 0.536061 | L86: =(K86-K72)/K72 -> 0.014199063
A87: siren | B87: FA | C87: 1500 | D87: 10 | E87: 170 | F87: 0.0794783 | G87: 0.0187988 | H87: 0.106679 | I87: 0.0262729 | J87: 0.130975 | K87: 0.606819 | L87: =(K87-K73)/K73 -> -0.00027842396
A88: siren | B88: FWF | C88: 1500 | D88: 10 | E88: 170 | F88: 0.0785495 | G88: 0.0359172 | H88: 0.131984 | I88: 0.0606747 | J88: 0.151559 | K88: 0.518278 | L88: =(K88-K74)/K74 -> 0.010934867
A89: siren | B89: MD | C89: 1500 | D89: 10 | E89: 170 | F89: 0.0001444 | G89: 6.89e-05 | H89: 0.00025394 | I89: 0.00014045 | J89: 0.00029402 | K89: 0.491106 | L89: =(K89-K75)/K75 -> 0.01502785
A90: siren | B90: NDI | C90: 1500 | D90: 10 | E90: 170 | F90: 0.0472459 | G90: 0.01331 | H90: 0.0671933 | I90: 0.0196143 | J90: 0.113809 | K90: 0.415134 | L90: =(K90-K76)/K76 -> 0.01235158
A91: siren | B91: ODI | C91: 1500 | D91: 10 | E91: 170 | F91: 0.063095 | G91: 0.0207268 | H91: 0.0908453 | I91: 0.037031 | J91: 0.0987012 | K91: 0.639252 | L91: =(K91-K77)/K77 -> 0.008285502
A92: siren | B92: RD | C92: 1500 | D92: 10 | E92: 170 | F92: 0.00015193 | G92: 6.69e-05 | H92: 0.00025457 | I92: 0.00013018 | J92: 0.00029132 | K92: 0.52152 | L92: =(K92-K78)/K78 -> 0.0097896465 | M92: =AVERAGE(K86:K92) -> 0.53259571 | N92: overfitting
A93: siren | B93: AD | C93: 500 | D93: 10 | E93: 170 | F93: 0.000187718 | G93: 7.44764e-05 | H93: 0.000304409 | I93: 0.000151811 | J93: 0.000360099 | K93: 0.521295 | L93: =(K93-K72)/K72 -> -0.013737428
A94: siren | B94: FA | C94: 500 | D94: 10 | E94: 170 | F94: 0.0791927 | G94: 0.0189559 | H94: 0.106458 | I94: 0.0266102 | J94: 0.130975 | K94: 0.604639 | L94: =(K94-K73)/K73 -> -0.0038699282
A95: siren | B95: FWF | C95: 500 | D95: 10 | E95: 170 | F95: 0.0767772 | G95: 0.0358574 | H95: 0.130208 | I95: 0.0606215 | J95: 0.151559 | K95: 0.506584 | L95: =(K95-K74)/K74 -> -0.011875039
A96: siren | B96: MD | C96: 500 | D96: 10 | E96: 170 | F96: 0.000139696 | G96: 6.88732e-05 | H96: 0.000249297 | I96: 0.000141354 | J96: 0.000294019 | K96: 0.475127 | L96: =(K96-K75)/K75 -> -0.017997871
A97: siren | B97: NDI | C97: 500 | D97: 10 | E97: 170 | F97: 0.0461118 | G97: 0.0131387 | H97: 0.065755 | I97: 0.0194481 | J97: 0.113809 | K97: 0.405169 | L97: =(K97-K76)/K76 -> -0.011949209
A98: siren | B98: ODI | C98: 500 | D98: 10 | E98: 170 | F98: 0.0617944 | G98: 0.020512 | H98: 0.0893778 | I98: 0.0369769 | J98: 0.0987012 | K98: 0.626076 | L98: =(K98-K77)/K77 -> -0.012496865
A99: siren | B99: RD | C99: 500 | D99: 10 | E99: 170 | F99: 0.000148604 | G99: 6.7086e-05 | H99: 0.000251241 | I99: 0.000130804 | J99: 0.000291316 | K99: 0.510113 | L99: =(K99-K78)/K78 -> -0.012297082 | M99: =AVERAGE(K93:K99) -> 0.52128614 | N99: lower epochs=> better
A100: siren | B100: AD | C100: 350 | D100: 10 | E100: 170 | F100: 0.000185395 | G100: 7.4557e-05 | H100: 0.000301553 | I100: 0.000151742 | J100: 0.000360099 | K100: 0.514845 | L100: =(K100-K72)/K72 -> -0.025940487
...

Sheet Overall
A1: method | B1: NMAE all | C1: NMAE no MD, no FWF | D1: epochs | E1: omega_0
A2: knn10 | B2: =AVERAGE(FiberAxisProfiles_merged_eval_s!K2:K8) -> 0.55465886 | C2: =AVERAGE(FiberAxisProfiles_merged_eval_s!K2,FiberAxisProfiles_merged_eval_s!K3,FiberAxisProfiles_merged_eval_s!K6,FiberAxisProfiles_merged_eval_s!K7,FiberAxisProfiles_merged_eval_s!K8) -> 0.5761686
A3: knn5 | B3: =AVERAGE(FiberAxisProfiles_merged_eval_s!K9:K15) -> 0.57527 | C3: =AVERAGE(FiberAxisProfiles_merged_eval_s!K9,FiberAxisProfiles_merged_eval_s!K10,FiberAxisProfiles_merged_eval_s!K13,FiberAxisProfiles_merged_eval_s!K14,FiberAxisProfiles_merged_eval_s!K15) -> 0.6005476
A4: linear | B4: =AVERAGE(FiberAxisProfiles_merged_eval_s!K16:K22) -> 0.67866271 | C4: =AVERAGE(FiberAxisProfiles_merged_eval_s!K16,FiberAxisProfiles_merged_eval_s!K17,FiberAxisProfiles_merged_eval_s!K20,FiberAxisProfiles_merged_eval_s!K21,FiberAxisProfiles_merged_eval_s!K11) -> 0.6729312
A5: mean | B5: =AVERAGE(FiberAxisProfiles_merged_eval_s!K23:K29) -> 0.69502743 | C5: =AVERAGE(FiberAxisProfiles_merged_eval_s!K23,FiberAxisProfiles_merged_eval_s!K24,FiberAxisProfiles_merged_eval_s!K27,FiberAxisProfiles_merged_eval_s!K28,FiberAxisProfiles_merged_eval_s!K29) -> 0.7143958
A6: median | B6: =AVERAGE(FiberAxisProfiles_merged_eval_s!K30:K36) -> 0.653251 | C6: =AVERAGE(FiberAxisProfiles_merged_eval_s!K30,FiberAxisProfiles_merged_eval_s!K31,FiberAxisProfiles_merged_eval_s!K34,FiberAxisProfiles_merged_eval_s!K35,FiberAxisProfiles_merged_eval_s!K36) -> 0.6951008
A7: rbf | B7: =AVERAGE(FiberAxisProfiles_merged_eval_s!K37:K43) -> 0.62317843 | C7: =AVERAGE(FiberAxisProfiles_merged_eval_s!K37,FiberAxisProfiles_merged_eval_s!K38,FiberAxisProfiles_merged_eval_s!K41,FiberAxisProfiles_merged_eval_s!K42,FiberAxisProfiles_merged_eval_s!K43) -> 0.6372154
A8: siren | B8: =AVERAGE(FiberAxisProfiles_merged_eval_s!K121:K127) -> 0.50648457 | C8: =AVERAGE(FiberAxisProfiles_merged_eval_s!K121,FiberAxisProfiles_merged_eval_s!K122,FiberAxisProfiles_merged_eval_s!K125,FiberAxisProfiles_merged_eval_s!K126,FiberAxisProfiles_merged_eval_s!K127) -> 0.5196898 | D8: 200 | E8: 10
A23: knn10 | B23: AD | C23: 0.574022
A24: knn5 | B24: AD | C24: 0.593427
A25: linear | B25: AD | C25: 0.686549
A26: mean | B26: AD | C26: 0.673661
A27: median | B27: AD | C27: 0.651386
A28: rbf | B28: AD | C28: 0.616946
A29: siren | B29: AD | C29: 0.508278
A30: knn10 | B30: FA | C30: 0.677226
A31: knn5 | B31: FA | C31: 0.714705
A32: linear | B32: FA | C32: 0.78062
A33: mean | B33: FA | C33: 0.789303
A34: median | B34: FA | C34: 0.784662
... A71: siren | B71: RD | C71: 0.497735
